<?xml version = '1.0' encoding = 'UTF-8'?>
<Entity class="oracle.dbtools.crest.model.design.logical.Entity" directorySegmentName="seg_0" id="32CA5ECF-A5ED-C8FA-D0E1-EA6A7BEBCD6E" name="collaborator_category">
<createdBy>micky</createdBy>
<createdTime>2024-10-14 01:11:30 UTC</createdTime>
<ownerDesignName>modelo totem</ownerDesignName>
<engineerTo>
<item key="37452B28-5BF0-55E6-DE29-C95FB074FDC8" value="true"/>
</engineerTo>
<adequatelyNormalized>NO</adequatelyNormalized>
<expectedVolumes>0</expectedVolumes>
<fwdEngineeringStrategyName>Single Table</fwdEngineeringStrategyName>
<growthPercent>0</growthPercent>
<growthType>Year</growthType>
<maxVolumes>9999999</maxVolumes>
<minVolumes>0</minVolumes>
<normalForm>Third</normalForm>
<attributes itemClass="oracle.dbtools.crest.model.design.logical.Attribute">
<Attribute name="id_collaborator_category" id="860CAF9F-1AD2-4A24-7560-A66040CF5173">
<createdBy>micky</createdBy>
<createdTime>2024-10-14 01:11:42 UTC</createdTime>
<ownerDesignName>modelo totem</ownerDesignName>
<engineerTo>
<item key="37452B28-5BF0-55E6-DE29-C95FB074FDC8" value="true"/>
</engineerTo>
<useDomainConstraints>false</useDomainConstraints>
<use>1</use>
<logicalDatatype>LOGDT019</logicalDatatype>
<dataTypePrecision>11</dataTypePrecision>
<ownDataTypeParameters>,11,</ownDataTypeParameters>
</Attribute>
<Attribute name="collaborator_category_name" id="7FF408A5-3311-02C0-9408-83F2F1DEB741">
<createdBy>micky</createdBy>
<createdTime>2024-10-14 01:11:52 UTC</createdTime>
<ownerDesignName>modelo totem</ownerDesignName>
<engineerTo>
<item key="37452B28-5BF0-55E6-DE29-C95FB074FDC8" value="true"/>
</engineerTo>
<useDomainConstraints>false</useDomainConstraints>
<use>1</use>
<logicalDatatype>LOGDT024</logicalDatatype>
<dataTypeSize>100</dataTypeSize>
<ownDataTypeParameters>100,,</ownDataTypeParameters>
</Attribute>
<Attribute name="collaborator_category_importance" id="7C5CDCE7-2E72-7CB8-7845-47DBB6648650">
<createdBy>micky</createdBy>
<createdTime>2024-10-14 01:12:05 UTC</createdTime>
<ownerDesignName>modelo totem</ownerDesignName>
<engineerTo>
<item key="37452B28-5BF0-55E6-DE29-C95FB074FDC8" value="true"/>
</engineerTo>
<useDomainConstraints>false</useDomainConstraints>
<use>1</use>
<logicalDatatype>LOGDT019</logicalDatatype>
<dataTypePrecision>11</dataTypePrecision>
<ownDataTypeParameters>,11,</ownDataTypeParameters>
</Attribute>
<Attribute name="id_group_cat_col" id="812E3B48-434A-75FC-4091-35D721830BA1">
<createdBy>micky</createdBy>
<createdTime>2024-10-14 01:12:53 UTC</createdTime>
<generatorID>027A6D20-7862-80D1-472F-147CFC235F8B</generatorID>
<ownerDesignName>modelo totem</ownerDesignName>
<engineerTo>
<item key="37452B28-5BF0-55E6-DE29-C95FB074FDC8" value="true"/>
</engineerTo>
<referedAttribute>4F468894-9DBA-04B3-9723-8BE3A1D1B1A8</referedAttribute>
<useDomainConstraints>false</useDomainConstraints>
<use>1</use>
<logicalDatatype>LOGDT019</logicalDatatype>
<dataTypePrecision>11</dataTypePrecision>
<ownDataTypeParameters>,,</ownDataTypeParameters>
</Attribute>
</attributes>
<identifiers itemClass="oracle.dbtools.crest.model.design.logical.CandidateKey">
<identifier id="77C1E760-88BD-E7B6-8051-3AC7525F7872" name="collaborator_category PK">
<createdBy>micky</createdBy>
<createdTime>2024-10-14 01:11:50 UTC</createdTime>
<ownerDesignName>modelo totem</ownerDesignName>
<engineerTo>
<item key="37452B28-5BF0-55E6-DE29-C95FB074FDC8" value="true"/>
</engineerTo>
<pk>true</pk>
<usedAttributes>
<attributeRef>860CAF9F-1AD2-4A24-7560-A66040CF5173</attributeRef>
</usedAttributes>
</identifier>
</identifiers>
</Entity>