<?xml version = '1.0' encoding = 'UTF-8'?>
<Entity class="oracle.dbtools.crest.model.design.logical.Entity" directorySegmentName="seg_0" id="BE5A7968-41F7-89B4-38DD-58787B6018E8" name="point_of_interest">
<createdBy>micky</createdBy>
<createdTime>2024-10-14 01:31:12 UTC</createdTime>
<ownerDesignName>modelo totem</ownerDesignName>
<engineerTo>
<item key="37452B28-5BF0-55E6-DE29-C95FB074FDC8" value="true"/>
</engineerTo>
<adequatelyNormalized>NO</adequatelyNormalized>
<expectedVolumes>0</expectedVolumes>
<fwdEngineeringStrategyName>Single Table</fwdEngineeringStrategyName>
<growthPercent>0</growthPercent>
<growthType>Year</growthType>
<maxVolumes>9999999</maxVolumes>
<minVolumes>0</minVolumes>
<normalForm>Third</normalForm>
<attributes itemClass="oracle.dbtools.crest.model.design.logical.Attribute">
<Attribute name="id_point_of_interest" id="88C0969D-84E2-182F-741D-FD90020FC5BC">
<createdBy>micky</createdBy>
<createdTime>2024-10-14 01:31:25 UTC</createdTime>
<ownerDesignName>modelo totem</ownerDesignName>
<engineerTo>
<item key="37452B28-5BF0-55E6-DE29-C95FB074FDC8" value="true"/>
</engineerTo>
<useDomainConstraints>false</useDomainConstraints>
<use>1</use>
<logicalDatatype>LOGDT019</logicalDatatype>
<dataTypePrecision>11</dataTypePrecision>
<ownDataTypeParameters>,11,</ownDataTypeParameters>
</Attribute>
<Attribute name="point_of_interest_name" id="828DE64D-C74C-F115-F765-FBFFC1CA5B57">
<createdBy>micky</createdBy>
<createdTime>2024-10-14 01:31:26 UTC</createdTime>
<ownerDesignName>modelo totem</ownerDesignName>
<engineerTo>
<item key="37452B28-5BF0-55E6-DE29-C95FB074FDC8" value="true"/>
</engineerTo>
<useDomainConstraints>false</useDomainConstraints>
<use>1</use>
<logicalDatatype>LOGDT024</logicalDatatype>
<dataTypeSize>250</dataTypeSize>
<ownDataTypeParameters>250,,</ownDataTypeParameters>
</Attribute>
<Attribute name="point_of_interest_details" id="7147D6D6-3DED-F354-CECD-0E2D5A359BED">
<createdBy>micky</createdBy>
<createdTime>2024-10-14 01:31:27 UTC</createdTime>
<ownerDesignName>modelo totem</ownerDesignName>
<engineerTo>
<item key="37452B28-5BF0-55E6-DE29-C95FB074FDC8" value="true"/>
</engineerTo>
<useDomainConstraints>false</useDomainConstraints>
<use>1</use>
<logicalDatatype>LOGDT024</logicalDatatype>
<dataTypeSize>500</dataTypeSize>
<ownDataTypeParameters>500,,</ownDataTypeParameters>
</Attribute>
<Attribute name="point_of_interest_coordinates" id="AC1EC81C-91C4-EE2C-7FF5-359FE1E1F705">
<createdBy>micky</createdBy>
<createdTime>2024-10-14 01:31:27 UTC</createdTime>
<ownerDesignName>modelo totem</ownerDesignName>
<engineerTo>
<item key="37452B28-5BF0-55E6-DE29-C95FB074FDC8" value="true"/>
</engineerTo>
<useDomainConstraints>false</useDomainConstraints>
<use>3</use>
<structuredType>47E390DE-0671-C4B1-8428-0F45CBEE18F8</structuredType>
<ownDataTypeParameters>,,</ownDataTypeParameters>
</Attribute>
<Attribute name="id_map" id="967C3991-F306-C50F-22BB-9D4005D1D5AF">
<createdBy>micky</createdBy>
<createdTime>2024-10-14 01:36:20 UTC</createdTime>
<generatorID>867358E4-EEC4-6E08-22D0-2997352A73A4</generatorID>
<ownerDesignName>modelo totem</ownerDesignName>
<engineerTo>
<item key="37452B28-5BF0-55E6-DE29-C95FB074FDC8" value="true"/>
</engineerTo>
<referedAttribute>855C2342-1920-EA3C-F4F5-516EDFEC3DB9</referedAttribute>
<useDomainConstraints>false</useDomainConstraints>
<use>1</use>
<logicalDatatype>LOGDT019</logicalDatatype>
<dataTypePrecision>11</dataTypePrecision>
<ownDataTypeParameters>,,</ownDataTypeParameters>
</Attribute>
<Attribute name="id_information" id="EDECB92A-16BC-E23C-C7A6-18FAB729EADD">
<createdBy>micky</createdBy>
<createdTime>2024-10-14 01:36:51 UTC</createdTime>
<generatorID>038546C6-2C99-7041-CA45-D721A7D8123D</generatorID>
<ownerDesignName>modelo totem</ownerDesignName>
<engineerTo>
<item key="37452B28-5BF0-55E6-DE29-C95FB074FDC8" value="true"/>
</engineerTo>
<nullsAllowed>true</nullsAllowed>
<referedAttribute>14AA74B7-F7EF-E68E-E466-340E185716AF</referedAttribute>
<useDomainConstraints>false</useDomainConstraints>
<use>1</use>
<logicalDatatype>LOGDT019</logicalDatatype>
<dataTypePrecision>11</dataTypePrecision>
<ownDataTypeParameters>,,</ownDataTypeParameters>
</Attribute>
<Attribute name="id_point_category" id="78C421C7-D992-49E5-74ED-A69BD7B21E5D">
<createdBy>micky</createdBy>
<createdTime>2024-10-14 01:42:05 UTC</createdTime>
<generatorID>CDFDBCBB-3AED-BF58-7370-2FADE21BC1E3</generatorID>
<ownerDesignName>modelo totem</ownerDesignName>
<engineerTo>
<item key="37452B28-5BF0-55E6-DE29-C95FB074FDC8" value="true"/>
</engineerTo>
<referedAttribute>7FA150E3-CEB2-CEC7-AA43-711B764EEE5D</referedAttribute>
<useDomainConstraints>false</useDomainConstraints>
<use>1</use>
<logicalDatatype>LOGDT019</logicalDatatype>
<dataTypePrecision>11</dataTypePrecision>
<ownDataTypeParameters>,,</ownDataTypeParameters>
</Attribute>
<Attribute name="id_point_icon" id="FED6608E-1918-3E44-FCB3-A5D3EE973F9A">
<createdBy>micky</createdBy>
<createdTime>2024-10-14 01:49:24 UTC</createdTime>
<generatorID>79A84C94-9854-8102-2E6C-5E8818BFE7DC</generatorID>
<ownerDesignName>modelo totem</ownerDesignName>
<engineerTo>
<item key="37452B28-5BF0-55E6-DE29-C95FB074FDC8" value="true"/>
</engineerTo>
<referedAttribute>AA6ED025-494C-BDB6-9425-8932CFDE5437</referedAttribute>
<use>0</use>
<ownDataTypeParameters>,,</ownDataTypeParameters>
</Attribute>
</attributes>
<identifiers itemClass="oracle.dbtools.crest.model.design.logical.CandidateKey">
<identifier id="9050D6A0-F34C-C69B-E73E-83FB6C979FC7" name="point_of_interest PK">
<createdBy>micky</createdBy>
<createdTime>2024-10-14 01:31:44 UTC</createdTime>
<ownerDesignName>modelo totem</ownerDesignName>
<engineerTo>
<item key="37452B28-5BF0-55E6-DE29-C95FB074FDC8" value="true"/>
</engineerTo>
<pk>true</pk>
<usedAttributes>
<attributeRef>88C0969D-84E2-182F-741D-FD90020FC5BC</attributeRef>
</usedAttributes>
</identifier>
</identifiers>
</Entity>