<?xml version = '1.0' encoding = 'UTF-8'?>
<Entity class="oracle.dbtools.crest.model.design.logical.Entity" directorySegmentName="seg_0" id="FA7ED8C0-3547-DD46-CD79-8281364CA25A" name="user_search_log">
<createdBy>micky</createdBy>
<createdTime>2024-10-14 01:06:14 UTC</createdTime>
<ownerDesignName>modelo totem</ownerDesignName>
<engineerTo>
<item key="37452B28-5BF0-55E6-DE29-C95FB074FDC8" value="true"/>
</engineerTo>
<adequatelyNormalized>NO</adequatelyNormalized>
<expectedVolumes>0</expectedVolumes>
<fwdEngineeringStrategyName>Single Table</fwdEngineeringStrategyName>
<growthPercent>0</growthPercent>
<growthType>Year</growthType>
<maxVolumes>9999999</maxVolumes>
<minVolumes>0</minVolumes>
<normalForm>Third</normalForm>
<attributes itemClass="oracle.dbtools.crest.model.design.logical.Attribute">
<Attribute name="id_user_search_log" id="320AD871-C08B-341E-D0E5-1E5180134185">
<createdBy>micky</createdBy>
<createdTime>2024-10-14 01:06:14 UTC</createdTime>
<ownerDesignName>modelo totem</ownerDesignName>
<engineerTo>
<item key="37452B28-5BF0-55E6-DE29-C95FB074FDC8" value="true"/>
</engineerTo>
<useDomainConstraints>false</useDomainConstraints>
<use>1</use>
<logicalDatatype>LOGDT019</logicalDatatype>
<dataTypePrecision>11</dataTypePrecision>
<ownDataTypeParameters>,11,</ownDataTypeParameters>
</Attribute>
<Attribute name="component" id="A7A97A12-2142-C3B7-5612-5809E2FF5556">
<createdBy>micky</createdBy>
<createdTime>2024-10-14 01:06:14 UTC</createdTime>
<ownerDesignName>modelo totem</ownerDesignName>
<engineerTo>
<item key="37452B28-5BF0-55E6-DE29-C95FB074FDC8" value="true"/>
</engineerTo>
<useDomainConstraints>false</useDomainConstraints>
<use>1</use>
<logicalDatatype>LOGDT024</logicalDatatype>
<dataTypeSize>250</dataTypeSize>
<ownDataTypeParameters>250,,</ownDataTypeParameters>
</Attribute>
<Attribute name="search_term" id="C2FEF2AB-691D-9F44-69A0-BCA5E79FA50D">
<createdBy>micky</createdBy>
<createdTime>2024-10-14 01:06:14 UTC</createdTime>
<ownerDesignName>modelo totem</ownerDesignName>
<engineerTo>
<item key="37452B28-5BF0-55E6-DE29-C95FB074FDC8" value="true"/>
</engineerTo>
<useDomainConstraints>false</useDomainConstraints>
<use>1</use>
<logicalDatatype>LOGDT024</logicalDatatype>
<dataTypeSize>250</dataTypeSize>
<ownDataTypeParameters>250,,</ownDataTypeParameters>
</Attribute>
<Attribute name="log_category_details" id="21C46875-FD12-5093-FABD-2944099223DB">
<createdBy>micky</createdBy>
<createdTime>2024-10-14 01:06:14 UTC</createdTime>
<ownerDesignName>modelo totem</ownerDesignName>
<engineerTo>
<item key="37452B28-5BF0-55E6-DE29-C95FB074FDC8" value="true"/>
</engineerTo>
<useDomainConstraints>false</useDomainConstraints>
<use>1</use>
<logicalDatatype>LOGDT024</logicalDatatype>
<dataTypeSize>500</dataTypeSize>
<ownDataTypeParameters>500,,</ownDataTypeParameters>
</Attribute>
<Attribute name="log_date" id="7121B1E4-26C1-4D8C-8160-E0153BB3A2FA">
<createdBy>micky</createdBy>
<createdTime>2024-10-14 01:06:14 UTC</createdTime>
<ownerDesignName>modelo totem</ownerDesignName>
<engineerTo>
<item key="37452B28-5BF0-55E6-DE29-C95FB074FDC8" value="true"/>
</engineerTo>
<useDomainConstraints>false</useDomainConstraints>
<use>1</use>
<logicalDatatype>LOGDT008</logicalDatatype>
<ownDataTypeParameters>,,</ownDataTypeParameters>
</Attribute>
</attributes>
<identifiers itemClass="oracle.dbtools.crest.model.design.logical.CandidateKey">
<identifier id="51065BDB-38F4-BEE9-5660-7D539843A6E9" name="user_click_log PK">
<createdBy>micky</createdBy>
<createdTime>2024-10-14 01:06:14 UTC</createdTime>
<ownerDesignName>modelo totem</ownerDesignName>
<engineerTo>
<item key="37452B28-5BF0-55E6-DE29-C95FB074FDC8" value="true"/>
</engineerTo>
<pk>true</pk>
<usedAttributes>
<attributeRef>320AD871-C08B-341E-D0E5-1E5180134185</attributeRef>
</usedAttributes>
</identifier>
</identifiers>
</Entity>