<?xml version = '1.0' encoding = 'UTF-8'?>
<Relation class="oracle.dbtools.crest.model.design.logical.Relation" name="Relation_2" directorySegmentName="seg_0" id="027A6D20-7862-80D1-472F-147CFC235F8B">
<createdBy>micky</createdBy>
<createdTime>2024-10-14 01:12:35 UTC</createdTime>
<ownerDesignName>modelo totem</ownerDesignName>
<engineerTo>
<item key="37452B28-5BF0-55E6-DE29-C95FB074FDC8" value="true"/>
</engineerTo>
<sourcePk>77C1E760-88BD-E7B6-8051-3AC7525F7872</sourcePk>
<targetPk>BEEB5A89-2976-4D78-5F10-D0BE577D4CD6</targetPk>
<identifying>false</identifying>
<optionalSource>false</optionalSource>
<optionalTarget>true</optionalTarget>
<sourceCardinality>*</sourceCardinality>
<sourceEntity>32CA5ECF-A5ED-C8FA-D0E1-EA6A7BEBCD6E</sourceEntity>
<targetCardinalityString>1</targetCardinalityString>
<targetEntity>C5B7E45A-BDBC-E79E-27F3-8F6234EB9CEB</targetEntity>
<transferable>true</transferable>
<deleteRule>NO ACTION</deleteRule>
</Relation>