<?xml version = '1.0' encoding = 'UTF-8'?>
<Relation class="oracle.dbtools.crest.model.design.logical.Relation" name="Relation_14" directorySegmentName="seg_0" id="1489400E-5AB6-FBAB-42A2-DAF4E52A1E9B">
<createdBy>micky</createdBy>
<createdTime>2024-10-14 01:48:34 UTC</createdTime>
<ownerDesignName>modelo totem</ownerDesignName>
<engineerTo>
<item key="37452B28-5BF0-55E6-DE29-C95FB074FDC8" value="true"/>
</engineerTo>
<sourcePk>B59A6975-B256-F694-9557-FAE68A0D3AFC</sourcePk>
<targetPk>73B2893A-4040-6443-14D4-85EE67B7D538</targetPk>
<identifying>false</identifying>
<optionalSource>true</optionalSource>
<optionalTarget>true</optionalTarget>
<sourceCardinality>1</sourceCardinality>
<sourceEntity>8FB1FFED-9304-8D93-171A-CB86E450E78E</sourceEntity>
<targetCardinalityString>1</targetCardinalityString>
<targetEntity>E427C797-ADDB-335C-8FA1-0C780E0A7A90</targetEntity>
<transferable>true</transferable>
<deleteRule>NO ACTION</deleteRule>
</Relation>