<?xml version = '1.0' encoding = 'UTF-8'?>
<Relation class="oracle.dbtools.crest.model.design.logical.Relation" name="Relation_7" directorySegmentName="seg_0" id="551A2238-BD1E-A2DC-CF83-A013EEBD32A1">
<createdBy>micky</createdBy>
<createdTime>2024-10-14 01:24:47 UTC</createdTime>
<ownerDesignName>modelo totem</ownerDesignName>
<engineerTo>
<item key="37452B28-5BF0-55E6-DE29-C95FB074FDC8" value="true"/>
</engineerTo>
<sourcePk>73B2893A-4040-6443-14D4-85EE67B7D538</sourcePk>
<identifying>false</identifying>
<optionalSource>true</optionalSource>
<optionalTarget>false</optionalTarget>
<sourceCardinality>1</sourceCardinality>
<sourceEntity>E427C797-ADDB-335C-8FA1-0C780E0A7A90</sourceEntity>
<targetCardinalityString>*</targetCardinalityString>
<targetEntity>89536E2C-7414-5C96-7107-74FBB8AD4ACF</targetEntity>
<transferable>true</transferable>
<deleteRule>NO ACTION</deleteRule>
</Relation>