<?xml version = '1.0' encoding = 'UTF-8'?>
<Relation class="oracle.dbtools.crest.model.design.logical.Relation" name="Relation_16" directorySegmentName="seg_0" id="6995F44B-2F28-A781-CE99-BDE458953686">
<createdBy>micky</createdBy>
<createdTime>2024-10-14 01:53:50 UTC</createdTime>
<ownerDesignName>modelo totem</ownerDesignName>
<engineerTo>
<item key="37452B28-5BF0-55E6-DE29-C95FB074FDC8" value="true"/>
</engineerTo>
<sourcePk>11613434-9C20-6A39-FE1F-4D3BC6BC9C98</sourcePk>
<identifying>false</identifying>
<optionalSource>true</optionalSource>
<optionalTarget>false</optionalTarget>
<sourceCardinality>1</sourceCardinality>
<sourceEntity>86CE9345-D48E-8ADA-C89A-2AB9398DD8E9</sourceEntity>
<targetCardinalityString>*</targetCardinalityString>
<targetEntity>243906BD-47E8-D179-49EB-27EFDF8C52B5</targetEntity>
<transferable>true</transferable>
<deleteRule>NO ACTION</deleteRule>
</Relation>