<?xml version = '1.0' encoding = 'UTF-8'?>
<Relation class="oracle.dbtools.crest.model.design.logical.Relation" name="Relation_13" directorySegmentName="seg_0" id="79A84C94-9854-8102-2E6C-5E8818BFE7DC">
<createdBy>micky</createdBy>
<createdTime>2024-10-14 01:45:44 UTC</createdTime>
<ownerDesignName>modelo totem</ownerDesignName>
<engineerTo>
<item key="37452B28-5BF0-55E6-DE29-C95FB074FDC8" value="true"/>
</engineerTo>
<sourcePk>F6406279-9F8D-D128-FA5F-5D4AC0A74D35</sourcePk>
<identifying>false</identifying>
<optionalSource>true</optionalSource>
<optionalTarget>false</optionalTarget>
<sourceCardinality>1</sourceCardinality>
<sourceEntity>278DBB17-75A7-7E62-0DB5-C12276EC0D74</sourceEntity>
<targetCardinalityString>*</targetCardinalityString>
<targetEntity>BE5A7968-41F7-89B4-38DD-58787B6018E8</targetEntity>
<transferable>true</transferable>
<deleteRule>NO ACTION</deleteRule>
</Relation>