<?xml version = '1.0' encoding = 'UTF-8'?>
<Relation class="oracle.dbtools.crest.model.design.logical.Relation" name="Relation_10" directorySegmentName="seg_0" id="867358E4-EEC4-6E08-22D0-2997352A73A4">
<createdBy>micky</createdBy>
<createdTime>2024-10-14 01:36:05 UTC</createdTime>
<ownerDesignName>modelo totem</ownerDesignName>
<engineerTo>
<item key="37452B28-5BF0-55E6-DE29-C95FB074FDC8" value="true"/>
</engineerTo>
<sourcePk>9050D6A0-F34C-C69B-E73E-83FB6C979FC7</sourcePk>
<targetPk>69A3A792-7025-80A6-1497-A9846321988C</targetPk>
<identifying>false</identifying>
<optionalSource>false</optionalSource>
<optionalTarget>true</optionalTarget>
<sourceCardinality>*</sourceCardinality>
<sourceEntity>BE5A7968-41F7-89B4-38DD-58787B6018E8</sourceEntity>
<targetCardinalityString>1</targetCardinalityString>
<targetEntity>DF854D89-5182-05F5-50EF-4473BCA0F0BD</targetEntity>
<transferable>true</transferable>
<deleteRule>NO ACTION</deleteRule>
</Relation>