<?xml version = '1.0' encoding = 'UTF-8'?>
<Relation class="oracle.dbtools.crest.model.design.logical.Relation" name="Relation_17" directorySegmentName="seg_0" id="AFA63A9B-BFA9-EFDD-3902-3539550742B6">
<createdBy>micky</createdBy>
<createdTime>2024-10-14 01:53:58 UTC</createdTime>
<ownerDesignName>modelo totem</ownerDesignName>
<engineerTo>
<item key="37452B28-5BF0-55E6-DE29-C95FB074FDC8" value="true"/>
</engineerTo>
<sourcePk>CF037297-C982-9C87-E869-38D509DD9488</sourcePk>
<identifying>false</identifying>
<optionalSource>true</optionalSource>
<optionalTarget>false</optionalTarget>
<sourceCardinality>1</sourceCardinality>
<sourceEntity>243906BD-47E8-D179-49EB-27EFDF8C52B5</sourceEntity>
<targetCardinalityString>*</targetCardinalityString>
<targetEntity>220AAB4B-E837-1C7C-46A8-92D593F2AC26</targetEntity>
<transferable>true</transferable>
<deleteRule>NO ACTION</deleteRule>
</Relation>