<?xml version = '1.0' encoding = 'UTF-8'?>
<Relation class="oracle.dbtools.crest.model.design.logical.Relation" name="Relation_20" directorySegmentName="seg_0" id="B20998AD-34F0-ACEE-DF9A-7B9DBC3E4E0F">
<createdBy>micky</createdBy>
<createdTime>2024-10-14 01:54:10 UTC</createdTime>
<ownerDesignName>modelo totem</ownerDesignName>
<engineerTo>
<item key="37452B28-5BF0-55E6-DE29-C95FB074FDC8" value="true"/>
</engineerTo>
<sourcePk>72DFACAF-F0CA-D2D5-4869-0794A582A0A2</sourcePk>
<identifying>false</identifying>
<optionalSource>true</optionalSource>
<optionalTarget>true</optionalTarget>
<sourceCardinality>1</sourceCardinality>
<sourceEntity>B00C1053-48A7-C2E7-BE99-BEA3E66528FF</sourceEntity>
<targetCardinalityString>*</targetCardinalityString>
<targetEntity>220AAB4B-E837-1C7C-46A8-92D593F2AC26</targetEntity>
<transferable>true</transferable>
<deleteRule>NO ACTION</deleteRule>
</Relation>