<?xml version = '1.0' encoding = 'UTF-8'?>
<Relation class="oracle.dbtools.crest.model.design.logical.Relation" name="Relation_12" directorySegmentName="seg_0" id="CDFDBCBB-3AED-BF58-7370-2FADE21BC1E3">
<createdBy>micky</createdBy>
<createdTime>2024-10-14 01:41:50 UTC</createdTime>
<ownerDesignName>modelo totem</ownerDesignName>
<engineerTo>
<item key="37452B28-5BF0-55E6-DE29-C95FB074FDC8" value="true"/>
</engineerTo>
<sourcePk>9050D6A0-F34C-C69B-E73E-83FB6C979FC7</sourcePk>
<targetPk>2E0F909C-3D17-FB36-9610-CB2DAD3A8F51</targetPk>
<identifying>false</identifying>
<optionalSource>false</optionalSource>
<optionalTarget>true</optionalTarget>
<sourceCardinality>*</sourceCardinality>
<sourceEntity>BE5A7968-41F7-89B4-38DD-58787B6018E8</sourceEntity>
<targetCardinalityString>1</targetCardinalityString>
<targetEntity>5A5C0CB2-6F96-2EDB-4E3B-73C472341BA4</targetEntity>
<transferable>true</transferable>
<deleteRule>NO ACTION</deleteRule>
</Relation>