<?xml version = '1.0' encoding = 'UTF-8'?>
<Relation class="oracle.dbtools.crest.model.design.logical.Relation" name="Relation_21" directorySegmentName="seg_0" id="E2F847AF-8E29-54AA-5C58-EE546B5F2645">
<createdBy>micky</createdBy>
<createdTime>2024-10-14 01:56:45 UTC</createdTime>
<ownerDesignName>modelo totem</ownerDesignName>
<engineerTo>
<item key="37452B28-5BF0-55E6-DE29-C95FB074FDC8" value="true"/>
</engineerTo>
<sourcePk>2AB0C2F4-C712-B5FF-71F5-8099317BDBF8</sourcePk>
<identifying>false</identifying>
<optionalSource>true</optionalSource>
<optionalTarget>false</optionalTarget>
<sourceCardinality>1</sourceCardinality>
<sourceEntity>B063B4C2-5D98-74A8-8EF7-02B1C189BCDF</sourceEntity>
<targetCardinalityString>*</targetCardinalityString>
<targetEntity>220AAB4B-E837-1C7C-46A8-92D593F2AC26</targetEntity>
<transferable>true</transferable>
<deleteRule>NO ACTION</deleteRule>
</Relation>