<?xml version = '1.0' encoding = 'UTF-8'?>
<Relation class="oracle.dbtools.crest.model.design.logical.Relation" name="Relation_8" directorySegmentName="seg_0" id="F218870C-4C79-9368-F37B-F80ADAA86AF9">
<createdBy>micky</createdBy>
<createdTime>2024-10-14 01:28:34 UTC</createdTime>
<ownerDesignName>modelo totem</ownerDesignName>
<engineerTo>
<item key="37452B28-5BF0-55E6-DE29-C95FB074FDC8" value="true"/>
</engineerTo>
<sourcePk>72DFACAF-F0CA-D2D5-4869-0794A582A0A2</sourcePk>
<identifying>false</identifying>
<optionalSource>true</optionalSource>
<optionalTarget>false</optionalTarget>
<sourceCardinality>1</sourceCardinality>
<sourceEntity>B00C1053-48A7-C2E7-BE99-BEA3E66528FF</sourceEntity>
<targetCardinalityString>*</targetCardinalityString>
<targetEntity>16A4C5D9-F32C-408A-591A-1AFF05B9067F</targetEntity>
<transferable>true</transferable>
<deleteRule>NO ACTION</deleteRule>
</Relation>