<?xml version = '1.0' encoding = 'UTF-8'?>
<Relation class="oracle.dbtools.crest.model.design.logical.Relation" name="Relation_9" directorySegmentName="seg_0" id="F3D4576B-E82D-2DB8-B853-51764C7271CC">
<createdBy>micky</createdBy>
<createdTime>2024-10-14 01:28:51 UTC</createdTime>
<ownerDesignName>modelo totem</ownerDesignName>
<engineerTo>
<item key="37452B28-5BF0-55E6-DE29-C95FB074FDC8" value="true"/>
</engineerTo>
<sourcePk>72DFACAF-F0CA-D2D5-4869-0794A582A0A2</sourcePk>
<targetPk>73B2893A-4040-6443-14D4-85EE67B7D538</targetPk>
<identifying>false</identifying>
<optionalSource>true</optionalSource>
<optionalTarget>true</optionalTarget>
<sourceCardinality>1</sourceCardinality>
<sourceEntity>B00C1053-48A7-C2E7-BE99-BEA3E66528FF</sourceEntity>
<targetCardinalityString>1</targetCardinalityString>
<targetEntity>E427C797-ADDB-335C-8FA1-0C780E0A7A90</targetEntity>
<transferable>true</transferable>
<deleteRule>NO ACTION</deleteRule>
</Relation>