<?xml version = '1.0' encoding = 'UTF-8'?>
<FKIndexAssociation class="oracle.dbtools.crest.model.design.relational.FKIndexAssociation" directorySegmentName="seg_0" id="0D58D49E-B7AD-B0B4-21BF-BBF6DE0D2F56" containerWithKeyObject="131BA4B3-4DF8-4FEE-33B1-AC6A4AA1E278" localFKIndex="60BC234F-F501-24B4-768A-8821E4DC539F" name="point_of_interest_point_category_FK">
<createdBy>micky</createdBy>
<createdTime>2024-10-14 02:03:18 UTC</createdTime>
<generatorID>CDFDBCBB-3AED-BF58-7370-2FADE21BC1E3</generatorID>
<ownerDesignName>modelo totem</ownerDesignName>
<referredTableLongName>point_category</referredTableLongName>
<deleteRule>NO ACTION</deleteRule>
<referredTableID>A684BA03-20AA-6EDE-E278-AFFD7AC35E22</referredTableID>
<keyObject>EBC82217-44E7-62DF-C488-E311E85CA5C8</keyObject>
<referredKeyID>EBC82217-44E7-62DF-C488-E311E85CA5C8</referredKeyID>
<mandatory>true</mandatory>
<refColNames>id_point_category</refColNames>
<transferable>true</transferable>
<rely>false</rely>
<columnDependencyConstraintGenerateInDDL>true</columnDependencyConstraintGenerateInDDL>
</FKIndexAssociation>