<?xml version = '1.0' encoding = 'UTF-8'?>
<FKIndexAssociation class="oracle.dbtools.crest.model.design.relational.FKIndexAssociation" directorySegmentName="seg_0" id="6058FCE3-6A67-5BB2-A4CF-A193A31B6576" containerWithKeyObject="5DFAA430-D481-DAC9-F4EE-7F2574592BE1" localFKIndex="AB680406-EDD8-8A7A-ED1F-B6A09C5CB40C" name="user_permission_permission_FK">
<createdBy>micky</createdBy>
<createdTime>2024-10-14 02:03:18 UTC</createdTime>
<generatorID>AFA63A9B-BFA9-EFDD-3902-3539550742B6</generatorID>
<ownerDesignName>modelo totem</ownerDesignName>
<referredTableLongName>permission</referredTableLongName>
<deleteRule>NO ACTION</deleteRule>
<referredTableID>363A23B2-9248-CE4D-3A52-D2AA9C58BADC</referredTableID>
<keyObject>40B16674-EBFA-A848-C292-A02D844298D7</keyObject>
<referredKeyID>40B16674-EBFA-A848-C292-A02D844298D7</referredKeyID>
<mandatory>true</mandatory>
<refColNames>id_permission</refColNames>
<transferable>true</transferable>
<rely>false</rely>
<columnDependencyConstraintGenerateInDDL>true</columnDependencyConstraintGenerateInDDL>
</FKIndexAssociation>