<?xml version = '1.0' encoding = 'UTF-8'?>
<FKIndexAssociation class="oracle.dbtools.crest.model.design.relational.FKIndexAssociation" directorySegmentName="seg_0" id="7536149D-40C2-0740-1F96-F038BA108557" containerWithKeyObject="363A23B2-9248-CE4D-3A52-D2AA9C58BADC" localFKIndex="D3B90F0C-3E6D-7D79-B55F-5E6CDF4160A1" name="permission_permission_type_FK">
<createdBy>micky</createdBy>
<createdTime>2024-10-14 02:03:18 UTC</createdTime>
<generatorID>6995F44B-2F28-A781-CE99-BDE458953686</generatorID>
<ownerDesignName>modelo totem</ownerDesignName>
<referredTableLongName>permission_type</referredTableLongName>
<deleteRule>NO ACTION</deleteRule>
<referredTableID>870DA548-80B2-E9B8-7429-D80CBDBAE357</referredTableID>
<keyObject>EFC8855F-8AD6-8387-9A0E-539820252906</keyObject>
<referredKeyID>EFC8855F-8AD6-8387-9A0E-539820252906</referredKeyID>
<mandatory>true</mandatory>
<refColNames>id_permission_type</refColNames>
<transferable>true</transferable>
<rely>false</rely>
<columnDependencyConstraintGenerateInDDL>true</columnDependencyConstraintGenerateInDDL>
</FKIndexAssociation>