<?xml version = '1.0' encoding = 'UTF-8'?>
<FKIndexAssociation class="oracle.dbtools.crest.model.design.relational.FKIndexAssociation" directorySegmentName="seg_0" id="EFC3C42C-7504-6DA9-E817-81EB6BF5668B" containerWithKeyObject="27A7174D-5C79-9EF3-A036-7F375B0FA1B9" localFKIndex="90F1630D-01F0-EBF9-4E94-720D71686804" name="information_faq_category_FK">
<createdBy>micky</createdBy>
<createdTime>2024-10-14 02:26:06 UTC</createdTime>
<generatorID>72DFACAF-F0CA-D2D5-4869-0794A582A0A2</generatorID>
<ownerDesignName>modelo totem</ownerDesignName>
<referredTableLongName>faq_category</referredTableLongName>
<deleteRule>NO ACTION</deleteRule>
<referredTableID>CD5B32B3-51DB-B170-7B46-478E1F24CBAF</referredTableID>
<keyObject>7C1CC736-4A43-C915-68B7-93360031067D</keyObject>
<referredKeyID>7C1CC736-4A43-C915-68B7-93360031067D</referredKeyID>
<mandatory>false</mandatory>
<refColNames>id_faq_category</refColNames>
<transferable>true</transferable>
<rely>false</rely>
<columnDependencyConstraintGenerateInDDL>true</columnDependencyConstraintGenerateInDDL>
</FKIndexAssociation>