<?xml version = '1.0' encoding = 'UTF-8'?>
<relationalModel class="oracle.dbtools.crest.model.design.relational.RelationalDesign" name="Relational_1" id="37452B28-5BF0-55E6-DE29-C95FB074FDC8" mainViewID="B444FE16-FB69-FD7A-A30D-69E5BF7490EA">
<createdBy>micky</createdBy>
<createdTime>2024-10-14 01:03:33 UTC</createdTime>
<ownerDesignName>modelo totem</ownerDesignName>
<shouldBeOpen>false</shouldBeOpen>
<selectedRDBMSSite>32076570-2523-435C-2E92-BF29817DFF70</selectedRDBMSSite>
</relationalModel>