<?xml version = '1.0' encoding = 'UTF-8'?>
<Table class="oracle.dbtools.crest.model.design.relational.Table" directorySegmentName="seg_0" id="3CD91A92-96C9-F930-1E08-B14FF0B2A7F6" name="user_click_log">
<createdBy>micky</createdBy>
<createdTime>2024-10-14 02:03:18 UTC</createdTime>
<generatorID>979890E9-4C64-6EBB-3618-CC556E387C4B</generatorID>
<ownerDesignName>modelo totem</ownerDesignName>
<allowColumnReorder>false</allowColumnReorder>
<existDependencyGenerateInDDl>true</existDependencyGenerateInDDl>
<parsed>true</parsed>
<columns itemClass="oracle.dbtools.crest.model.design.relational.Column">
<Column name="id_user_click_log" id="5AA975DD-7683-C7E5-FA0A-DE314E7F0A46">
<createdBy>micky</createdBy>
<createdTime>2024-10-14 02:03:18 UTC</createdTime>
<generatorID>2D921779-280C-6DBA-8BCE-9C7726A69C97</generatorID>
<ownerDesignName>modelo totem</ownerDesignName>
<useDomainConstraints>false</useDomainConstraints>
<use>1</use>
<logicalDatatype>LOGDT019</logicalDatatype>
<dataTypePrecision>11</dataTypePrecision>
<ownDataTypeParameters>,11,</ownDataTypeParameters>
<autoIncrementCycle>false</autoIncrementCycle>
</Column>
<Column name="component" id="492D8BD4-A321-3940-A2F3-2DD6127EE864">
<createdBy>micky</createdBy>
<createdTime>2024-10-14 02:03:18 UTC</createdTime>
<generatorID>6779B9A2-4B76-47EC-5728-42A61C7B1A90</generatorID>
<ownerDesignName>modelo totem</ownerDesignName>
<useDomainConstraints>false</useDomainConstraints>
<use>1</use>
<logicalDatatype>LOGDT024</logicalDatatype>
<dataTypeSize>250</dataTypeSize>
<ownDataTypeParameters>250,,</ownDataTypeParameters>
<autoIncrementCycle>false</autoIncrementCycle>
</Column>
<Column name="selection" id="99BC69D8-F456-E20B-40A5-E2AFA18AFFA1">
<createdBy>micky</createdBy>
<createdTime>2024-10-14 02:03:18 UTC</createdTime>
<generatorID>B29ADB7A-2015-1CC2-F51A-5F046E92B1DC</generatorID>
<ownerDesignName>modelo totem</ownerDesignName>
<useDomainConstraints>false</useDomainConstraints>
<use>1</use>
<logicalDatatype>LOGDT024</logicalDatatype>
<dataTypeSize>250</dataTypeSize>
<ownDataTypeParameters>250,,</ownDataTypeParameters>
<autoIncrementCycle>false</autoIncrementCycle>
</Column>
<Column name="log_category_details" id="DE26BD9B-5345-C746-D142-3347CD035DC7">
<createdBy>micky</createdBy>
<createdTime>2024-10-14 02:03:18 UTC</createdTime>
<generatorID>5555BA93-3A74-702F-C80A-7C34C9A79CF6</generatorID>
<ownerDesignName>modelo totem</ownerDesignName>
<useDomainConstraints>false</useDomainConstraints>
<use>1</use>
<logicalDatatype>LOGDT024</logicalDatatype>
<dataTypeSize>500</dataTypeSize>
<ownDataTypeParameters>500,,</ownDataTypeParameters>
<autoIncrementCycle>false</autoIncrementCycle>
</Column>
<Column name="log_date" id="437FE4B9-73EA-4022-6464-DC125066C1EB">
<createdBy>micky</createdBy>
<createdTime>2024-10-14 02:03:18 UTC</createdTime>
<generatorID>5A7C6AEF-5563-9EEE-2F64-57CBC64312A3</generatorID>
<ownerDesignName>modelo totem</ownerDesignName>
<useDomainConstraints>false</useDomainConstraints>
<use>1</use>
<logicalDatatype>LOGDT008</logicalDatatype>
<ownDataTypeParameters>,,</ownDataTypeParameters>
<autoIncrementCycle>false</autoIncrementCycle>
</Column>
</columns>
<indexes itemClass="oracle.dbtools.crest.model.design.relational.Index">
<ind_PK_UK id="030D76F3-3CBC-580C-AF09-09858644F6F3" name="user_click_log_PK">
<createdBy>micky</createdBy>
<createdTime>2024-10-14 02:03:18 UTC</createdTime>
<generatorID>CA799B76-F6F8-CFB3-B581-5CECE0C5095E</generatorID>
<ownerDesignName>modelo totem</ownerDesignName>
<pk>true</pk>
<indexState>Primary Constraint</indexState>
<isSurrogateKey>false</isSurrogateKey>
<indexColumnUsage>
<colUsage columnID="5AA975DD-7683-C7E5-FA0A-DE314E7F0A46"/>
</indexColumnUsage>
</ind_PK_UK>
</indexes>
</Table>