<?xml version = '1.0' encoding = 'UTF-8'?>
<Table class="oracle.dbtools.crest.model.design.relational.Table" directorySegmentName="seg_0" id="4ED2039A-8C82-4EF2-DB48-9C6F218772AE" name="permission_module">
<createdBy>micky</createdBy>
<createdTime>2024-10-14 02:03:18 UTC</createdTime>
<generatorID>F010A226-9DAF-05E6-5F15-3E79CEBDCC2F</generatorID>
<ownerDesignName>modelo totem</ownerDesignName>
<allowColumnReorder>false</allowColumnReorder>
<existDependencyGenerateInDDl>true</existDependencyGenerateInDDl>
<parsed>true</parsed>
<columns itemClass="oracle.dbtools.crest.model.design.relational.Column">
<Column name="id_permission_module" id="B53AE1C7-22AF-4CE2-738C-3E24B67BFB83">
<createdBy>micky</createdBy>
<createdTime>2024-10-14 02:03:18 UTC</createdTime>
<generatorID>E804B685-AAA1-DA09-7A49-5DEE9ECA3BA5</generatorID>
<ownerDesignName>modelo totem</ownerDesignName>
<useDomainConstraints>false</useDomainConstraints>
<use>1</use>
<logicalDatatype>LOGDT019</logicalDatatype>
<dataTypePrecision>11</dataTypePrecision>
<ownDataTypeParameters>,11,</ownDataTypeParameters>
<autoIncrementCycle>false</autoIncrementCycle>
</Column>
<Column name="permission_module_name" id="C8C200E4-0368-AD71-392C-1B4F0C2FD2D8">
<createdBy>micky</createdBy>
<createdTime>2024-10-14 02:03:18 UTC</createdTime>
<generatorID>810DA036-D1B4-9558-7E17-6E5B4C9FD68C</generatorID>
<ownerDesignName>modelo totem</ownerDesignName>
<useDomainConstraints>false</useDomainConstraints>
<use>1</use>
<logicalDatatype>LOGDT024</logicalDatatype>
<dataTypeSize>50</dataTypeSize>
<ownDataTypeParameters>50,,</ownDataTypeParameters>
<autoIncrementCycle>false</autoIncrementCycle>
</Column>
</columns>
<indexes itemClass="oracle.dbtools.crest.model.design.relational.Index">
<ind_PK_UK id="0ECBA538-2DB5-E173-2F68-42E6A3AF3536" name="permission_module_PK">
<createdBy>micky</createdBy>
<createdTime>2024-10-14 02:03:18 UTC</createdTime>
<generatorID>76550F04-D562-131B-5E20-C68ECAA6655F</generatorID>
<ownerDesignName>modelo totem</ownerDesignName>
<pk>true</pk>
<indexState>Primary Constraint</indexState>
<isSurrogateKey>false</isSurrogateKey>
<indexColumnUsage>
<colUsage columnID="B53AE1C7-22AF-4CE2-738C-3E24B67BFB83"/>
</indexColumnUsage>
</ind_PK_UK>
<ind_PK_UK id="F23A571C-0470-E7C9-A11B-6C35F10EF5A4" name="permission_module__UN">
<createdBy>micky</createdBy>
<createdTime>2024-10-14 02:21:43 UTC</createdTime>
<ownerDesignName>modelo totem</ownerDesignName>
<indexState>Unique Constraint</indexState>
<isSurrogateKey>false</isSurrogateKey>
<indexColumnUsage>
<colUsage columnID="C8C200E4-0368-AD71-392C-1B4F0C2FD2D8"/>
</indexColumnUsage>
</ind_PK_UK>
</indexes>
</Table>