<?xml version = '1.0' encoding = 'UTF-8'?>
<Table class="oracle.dbtools.crest.model.design.relational.Table" directorySegmentName="seg_0" id="B73BD41E-3915-CCA0-794F-EACE31C242F1" name="user_search_log">
<createdBy>micky</createdBy>
<createdTime>2024-10-14 02:03:18 UTC</createdTime>
<generatorID>FA7ED8C0-3547-DD46-CD79-8281364CA25A</generatorID>
<ownerDesignName>modelo totem</ownerDesignName>
<allowColumnReorder>false</allowColumnReorder>
<existDependencyGenerateInDDl>true</existDependencyGenerateInDDl>
<parsed>true</parsed>
<columns itemClass="oracle.dbtools.crest.model.design.relational.Column">
<Column name="id_user_search_log" id="4262E998-BCB3-539E-56EF-F58D1026936B">
<createdBy>micky</createdBy>
<createdTime>2024-10-14 02:03:18 UTC</createdTime>
<generatorID>320AD871-C08B-341E-D0E5-1E5180134185</generatorID>
<ownerDesignName>modelo totem</ownerDesignName>
<useDomainConstraints>false</useDomainConstraints>
<use>1</use>
<logicalDatatype>LOGDT019</logicalDatatype>
<dataTypePrecision>11</dataTypePrecision>
<ownDataTypeParameters>,11,</ownDataTypeParameters>
<autoIncrementCycle>false</autoIncrementCycle>
</Column>
<Column name="component" id="7B3119C7-2061-8BD2-985F-FF5F693D5220">
<createdBy>micky</createdBy>
<createdTime>2024-10-14 02:03:18 UTC</createdTime>
<generatorID>A7A97A12-2142-C3B7-5612-5809E2FF5556</generatorID>
<ownerDesignName>modelo totem</ownerDesignName>
<useDomainConstraints>false</useDomainConstraints>
<use>1</use>
<logicalDatatype>LOGDT024</logicalDatatype>
<dataTypeSize>250</dataTypeSize>
<ownDataTypeParameters>250,,</ownDataTypeParameters>
<autoIncrementCycle>false</autoIncrementCycle>
</Column>
<Column name="search_term" id="1FF46911-68B4-22D5-E067-0A7605435DB3">
<createdBy>micky</createdBy>
<createdTime>2024-10-14 02:03:18 UTC</createdTime>
<generatorID>C2FEF2AB-691D-9F44-69A0-BCA5E79FA50D</generatorID>
<ownerDesignName>modelo totem</ownerDesignName>
<useDomainConstraints>false</useDomainConstraints>
<use>1</use>
<logicalDatatype>LOGDT024</logicalDatatype>
<dataTypeSize>250</dataTypeSize>
<ownDataTypeParameters>250,,</ownDataTypeParameters>
<autoIncrementCycle>false</autoIncrementCycle>
</Column>
<Column name="log_category_details" id="30781286-44F6-8CB6-D263-F816DFB77638">
<createdBy>micky</createdBy>
<createdTime>2024-10-14 02:03:18 UTC</createdTime>
<generatorID>21C46875-FD12-5093-FABD-2944099223DB</generatorID>
<ownerDesignName>modelo totem</ownerDesignName>
<useDomainConstraints>false</useDomainConstraints>
<use>1</use>
<logicalDatatype>LOGDT024</logicalDatatype>
<dataTypeSize>500</dataTypeSize>
<ownDataTypeParameters>500,,</ownDataTypeParameters>
<autoIncrementCycle>false</autoIncrementCycle>
</Column>
<Column name="log_date" id="2B0C7089-312F-6B03-2273-55087CE25A9E">
<createdBy>micky</createdBy>
<createdTime>2024-10-14 02:03:18 UTC</createdTime>
<generatorID>7121B1E4-26C1-4D8C-8160-E0153BB3A2FA</generatorID>
<ownerDesignName>modelo totem</ownerDesignName>
<useDomainConstraints>false</useDomainConstraints>
<use>1</use>
<logicalDatatype>LOGDT008</logicalDatatype>
<ownDataTypeParameters>,,</ownDataTypeParameters>
<autoIncrementCycle>false</autoIncrementCycle>
</Column>
</columns>
<indexes itemClass="oracle.dbtools.crest.model.design.relational.Index">
<ind_PK_UK id="99944FB6-F1BB-5BB3-B235-3C86D56AF7B8" name="user_search_log_PK">
<createdBy>micky</createdBy>
<createdTime>2024-10-14 02:03:18 UTC</createdTime>
<generatorID>51065BDB-38F4-BEE9-5660-7D539843A6E9</generatorID>
<ownerDesignName>modelo totem</ownerDesignName>
<pk>true</pk>
<indexState>Primary Constraint</indexState>
<isSurrogateKey>false</isSurrogateKey>
<indexColumnUsage>
<colUsage columnID="4262E998-BCB3-539E-56EF-F58D1026936B"/>
</indexColumnUsage>
</ind_PK_UK>
</indexes>
</Table>